105,10000001,password,0,2027-04-10,0,2013-08-02,2027-04-04,,2
106,10000002,password,0,2027-04-10,0,2013-08-02,2027-04-04,,1
107,10000003,password,0,2027-04-10,0,2013-08-02,2027-04-04,,1
108,10000004,password,0,2027-04-10,0,2013-08-02,2027-04-04,,1
109,10000005,password,0,2027-04-10,0,2013-08-02,2027-04-04,,1
110,10000006,password,0,2027-04-10,0,2013-08-02,2027-04-04,,1
111,10000007,password,0,2027-04-10,0,2013-08-02,2027-04-04,,1
112,10000008,password,0,2027-04-10,0,2013-08-02,2027-04-04,,1
113,10000009,password,0,2027-04-10,0,2013-08-02,2027-04-04,,1
114,10000010,password,0,2027-04-10,0,2013-08-02,2027-04-04,,1
115,10000011,password,0,2027-04-10,0,2013-08-02,2027-04-04,,1
116,10000012,password,0,2027-04-10,0,2013-08-02,2027-04-04,,1
117,10000013,password,0,2027-04-10,0,2013-08-02,2027-04-04,,1
118,10000014,password,0,2027-04-10,0,2013-08-02,2027-04-04,,1
119,10000015,password,0,2027-04-10,0,2013-08-02,2027-04-04,,1
120,10000016,password,0,2027-04-10,0,2013-08-02,2027-04-04,,1
121,10000017,password,0,2027-04-10,0,2013-08-02,2027-04-04,,1
122,10000018,password,0,2027-04-10,0,2013-08-02,2027-04-04,,1
123,10000019,password,0,2027-04-10,0,2013-08-02,2027-04-04,,1
124,10000020,password,0,2027-04-10,0,2013-08-02,2027-04-04,,1
125,10000021,password,0,2027-04-10,0,2013-08-02,2027-04-04,,1
126,10000022,password,0,2027-04-10,0,2013-08-02,2027-04-04,,1
127,10000023,password,0,2027-04-10,0,2013-08-02,2027-04-04,,1
128,10000024,password,0,2027-04-10,0,2013-08-02,2027-04-04,,1
129,10000025,password,0,2027-04-10,0,2013-08-02,2027-04-04,,1
130,10000026,password,0,2027-04-10,0,2013-08-02,2027-04-04,,1
131,10000027,password,0,2027-04-10,0,2013-08-02,2027-04-04,,1
132,10000028,password,0,2027-04-10,0,2013-08-02,2027-04-04,,1
133,10000029,password,0,2027-04-10,0,2013-08-02,2027-04-04,,1
134,10000030,password,0,2027-04-10,0,2013-08-02,2027-04-04,,1
135,10000031,password,0,2027-04-10,0,2013-08-02,2027-04-04,,1
136,10000032,password,0,2027-04-10,0,2013-08-02,2027-04-04,,1
137,10000033,password,0,2027-04-10,0,2013-08-02,2027-04-04,,1
138,10000034,password,0,2027-04-10,0,2013-08-02,2027-04-04,,1
139,10000035,password,0,2027-04-10,0,2013-08-02,2027-04-04,,1
140,10000036,password,0,2027-04-10,0,2013-08-02,2027-04-04,,1
141,10000037,password,0,2027-04-10,0,2013-08-02,2027-04-04,,1
142,10000038,password,0,2027-04-10,0,2013-08-02,2027-04-04,,1
143,10000039,password,0,2027-04-10,0,2013-08-02,2027-04-04,,1
144,10000040,password,0,2027-04-10,0,2013-08-02,2027-04-04,,1
145,10000041,password,0,2027-04-10,0,2013-08-02,2027-04-04,,1
146,10000042,password,0,2027-04-10,0,2013-08-02,2027-04-04,,1
147,10000043,password,0,2027-04-10,0,2013-08-02,2027-04-04,,1
148,10000044,password,0,2027-04-10,0,2013-08-02,2027-04-04,,1
149,10000045,password,0,2027-04-10,0,2013-08-02,2027-04-04,,1
150,10000046,password,0,2027-04-10,0,2013-08-02,2027-04-04,,1
151,10000047,password,0,2027-04-10,0,2013-08-02,2027-04-04,,1
152,10000048,password,0,2027-04-10,0,2013-08-02,2027-04-04,,1
153,10000049,password,0,2027-04-10,0,2013-08-02,2027-04-04,,1
154,10000050,password,0,2027-04-10,0,2013-08-02,2027-04-04,,1
155,10000051,password,0,2027-04-10,0,2013-08-02,2027-04-04,,1
156,10000052,password,0,2027-04-10,0,2013-08-02,2027-04-04,,1
157,10000053,password,0,2027-04-10,0,2013-08-02,2027-04-04,,1
158,10000054,password,0,2027-04-10,0,2013-08-02,2027-04-04,,1
159,10000055,password,0,2027-04-10,0,2013-08-02,2027-04-04,,1
160,10000056,password,0,2027-04-10,0,2013-08-02,2027-04-04,,1
161,10000057,password,0,2027-04-10,0,2013-08-02,2027-04-04,,1
162,10000058,password,0,2027-04-10,0,2013-08-02,2027-04-04,,1
163,10000059,password,0,2027-04-10,0,2013-08-02,2027-04-04,,1
164,10000060,password,0,2027-04-10,0,2013-08-02,2027-04-04,,1
165,10000061,password,0,2027-04-10,0,2013-08-02,2027-04-04,,1
166,10000062,password,0,2027-04-10,0,2013-08-02,2027-04-04,,1
167,10000063,password,0,2027-04-10,0,2013-08-02,2027-04-04,,1
168,10000064,password,0,2027-04-10,0,2013-08-02,2027-04-04,,1
169,10000065,password,0,2027-04-10,0,2013-08-02,2027-04-04,,1
170,10000066,password,0,2027-04-10,0,2013-08-02,2027-04-04,,1
171,10000067,password,0,2027-04-10,0,2013-08-02,2027-04-04,,1
172,10000068,password,0,2027-04-10,0,2013-08-02,2027-04-04,,1
173,10000069,password,0,2027-04-10,0,2013-08-02,2027-04-04,,1
174,10000070,password,0,2027-04-10,0,2013-08-02,2027-04-04,,1
175,10000071,password,0,2027-04-10,0,2013-08-02,2027-04-04,,1
176,10000072,password,0,2027-04-10,0,2013-08-02,2027-04-04,,1
177,10000073,password,0,2027-04-10,0,2013-08-02,2027-04-04,,1
178,10000074,password,0,2027-04-10,0,2013-08-02,2027-04-04,,1
179,10000075,password,0,2027-04-10,0,2013-08-02,2027-04-04,,1
180,10000076,password,0,2027-04-10,0,2013-08-02,2027-04-04,,1
181,10000077,password,0,2027-04-10,0,2013-08-02,2027-04-04,,1
182,10000078,password,0,2027-04-10,0,2013-08-02,2027-04-04,,1
183,10000079,password,0,2027-04-10,0,2013-08-02,2027-04-04,,1
184,10000080,password,0,2027-04-10,0,2013-08-02,2027-04-04,,1
185,10000081,password,0,2027-04-10,0,2013-08-02,2027-04-04,,1
186,10000082,password,0,2027-04-10,0,2013-08-02,2027-04-04,,1
187,10000083,password,0,2027-04-10,0,2013-08-02,2027-04-04,,1
188,10000084,password,0,2027-04-10,0,2013-08-02,2027-04-04,,1
189,10000085,password,0,2027-04-10,0,2013-08-02,2027-04-04,,1
190,10000086,password,0,2027-04-10,0,2013-08-02,2027-04-04,,1
191,10000087,password,0,2027-04-10,0,2013-08-02,2027-04-04,,1
192,10000088,password,0,2027-04-10,0,2013-08-02,2027-04-04,,1
193,10000089,password,0,2027-04-10,0,2013-08-02,2027-04-04,,1
194,10000090,password,0,2027-04-10,0,2013-08-02,2027-04-04,,1
195,10000091,password,0,2027-04-10,0,2013-08-02,2027-04-04,,1
196,10000092,password,0,2027-04-10,0,2013-08-02,2027-04-04,,1
197,10000093,password,0,2027-04-10,0,2013-08-02,2027-04-04,,1
198,10000094,password,0,2027-04-10,0,2013-08-02,2027-04-04,,1
199,10000095,password,0,2027-04-10,0,2013-08-02,2027-04-04,,1
200,10000096,password,0,2027-04-10,0,2013-08-02,2027-04-04,,1
201,10000097,password,0,2027-04-10,0,2013-08-02,2027-04-04,,1
202,10000098,password,0,2027-04-10,0,2013-08-02,2027-04-04,,1
203,10000099,password,0,2027-04-10,0,2013-08-02,2027-04-04,,1
204,10000100,password,0,2027-04-10,0,2013-08-02,2027-04-04,,1
205,10000101,password,0,2027-04-10,0,2013-08-02,2027-04-04,,1
206,10000102,password,0,2027-04-10,0,2013-08-02,2027-04-04,,1
207,10000103,password,0,2027-04-10,0,2013-08-02,2027-04-04,,1
208,10000104,password,0,2027-04-10,0,2013-08-02,2027-04-04,,1
209,10000105,password,0,2027-04-10,0,2013-08-02,2027-04-04,,1
210,10000106,password,0,2027-04-10,0,2013-08-02,2027-04-04,,1
211,10000107,password,0,2027-04-10,0,2013-08-02,2027-04-04,,1
212,10000108,password,0,2027-04-10,0,2013-08-02,2027-04-04,,1
213,10000109,password,0,2027-04-10,0,2013-08-02,2027-04-04,,1
214,10000110,password,0,2027-04-10,0,2013-08-02,2027-04-04,,1
215,10000111,password,0,2027-04-10,0,2013-08-02,2027-04-04,,1
216,10000112,password,0,2027-04-10,0,2013-08-02,2027-04-04,,1
217,10000113,password,0,2027-04-10,0,2013-08-02,2027-04-04,,1
218,10000114,password,0,2027-04-10,0,2013-08-02,2027-04-04,,1
219,10000115,password,0,2027-04-10,0,2013-08-02,2027-04-04,,1
220,10000116,password,0,2027-04-10,0,2013-08-02,2027-04-04,,1
221,10000117,password,0,2027-04-10,0,2013-08-02,2027-04-04,,1
222,10000118,password,0,2027-04-10,0,2013-08-02,2027-04-04,,1
223,10000119,password,0,2027-04-10,0,2013-08-02,2027-04-04,,1
224,10000120,password,0,2027-04-10,0,2013-08-02,2027-04-04,,1
225,10000121,password,0,2027-04-10,0,2013-08-02,2027-04-04,,1
226,10000122,password,0,2027-04-10,0,2013-08-02,2027-04-04,,1
227,10000123,password,0,2027-04-10,0,2013-08-02,2027-04-04,,1
228,10000124,password,0,2027-04-10,0,2013-08-02,2027-04-04,,1
229,10000125,password,0,2027-04-10,0,2013-08-02,2027-04-04,,1
230,10000126,password,0,2027-04-10,0,2013-08-02,2027-04-04,,1
231,10000127,password,0,2027-04-10,0,2013-08-02,2027-04-04,,1
232,10000128,password,0,2027-04-10,0,2013-08-02,2027-04-04,,1
233,10000129,password,0,2027-04-10,0,2013-08-02,2027-04-04,,1
234,10000130,password,0,2027-04-10,0,2013-08-02,2027-04-04,,1
235,10000131,password,0,2027-04-10,0,2013-08-02,2027-04-04,,1
236,10000132,password,0,2027-04-10,0,2013-08-02,2027-04-04,,1
237,10000133,password,0,2027-04-10,0,2013-08-02,2027-04-04,,1
238,10000134,password,0,2027-04-10,0,2013-08-02,2027-04-04,,1
239,10000135,password,0,2027-04-10,0,2013-08-02,2027-04-04,,1
240,10000136,password,0,2027-04-10,0,2013-08-02,2027-04-04,,1
241,10000137,password,0,2027-04-10,0,2013-08-02,2027-04-04,,1
242,10000138,password,0,2027-04-10,0,2013-08-02,2027-04-04,,1
243,10000139,password,0,2027-04-10,0,2013-08-02,2027-04-04,,1
244,10000140,password,0,2027-04-10,0,2013-08-02,2027-04-04,,1
245,10000141,password,0,2027-04-10,0,2013-08-02,2027-04-04,,1
246,10000142,password,0,2027-04-10,0,2013-08-02,2027-04-04,,1
247,10000143,password,0,2027-04-10,0,2013-08-02,2027-04-04,,1
248,10000144,password,0,2027-04-10,0,2013-08-02,2027-04-04,,1
249,10000145,password,0,2027-04-10,0,2013-08-02,2027-04-04,,1
250,10000146,password,0,2027-04-10,0,2013-08-02,2027-04-04,,1
251,10000147,password,0,2027-04-10,0,2013-08-02,2027-04-04,,1
252,10000148,password,0,2027-04-10,0,2013-08-02,2027-04-04,,1
253,10000149,password,0,2027-04-10,0,2013-08-02,2027-04-04,,1
254,10000150,password,0,2027-04-10,0,2013-08-02,2027-04-04,,1
255,10000151,password,0,2027-04-10,0,2013-08-02,2027-04-04,,1
256,10000152,password,0,2027-04-10,0,2013-08-02,2027-04-04,,1
257,10000153,password,0,2027-04-10,0,2013-08-02,2027-04-04,,1
258,10000154,password,0,2027-04-10,0,2013-08-02,2027-04-04,,1
259,10000155,password,0,2027-04-10,0,2013-08-02,2027-04-04,,1
260,10000156,password,0,2027-04-10,0,2013-08-02,2027-04-04,,1
261,10000157,password,0,2027-04-10,0,2013-08-02,2027-04-04,,1
262,10000158,password,0,2027-04-10,0,2013-08-02,2027-04-04,,1
263,10000159,password,0,2027-04-10,0,2013-08-02,2027-04-04,,1
264,10000160,password,0,2027-04-10,0,2013-08-02,2027-04-04,,1
265,10000161,password,0,2027-04-10,0,2013-08-02,2027-04-04,,1
266,10000162,password,0,2027-04-10,0,2013-08-02,2027-04-04,,1
267,10000163,password,0,2027-04-10,0,2013-08-02,2027-04-04,,1
268,10000164,password,0,2027-04-10,0,2013-08-02,2027-04-04,,1
269,10000165,password,0,2027-04-10,0,2013-08-02,2027-04-04,,1
270,10000166,password,0,2027-04-10,0,2013-08-02,2027-04-04,,1
271,10000167,password,0,2027-04-10,0,2013-08-02,2027-04-04,,1
272,10000168,password,0,2027-04-10,0,2013-08-02,2027-04-04,,1
273,10000169,password,0,2027-04-10,0,2013-08-02,2027-04-04,,1
274,10000170,password,0,2027-04-10,0,2013-08-02,2027-04-04,,1
275,10000171,password,0,2027-04-10,0,2013-08-02,2027-04-04,,1
276,10000172,password,0,2027-04-10,0,2013-08-02,2027-04-04,,1
277,10000173,password,0,2027-04-10,0,2013-08-02,2027-04-04,,1
278,10000174,password,0,2027-04-10,0,2013-08-02,2027-04-04,,1
279,10000175,password,0,2027-04-10,0,2013-08-02,2027-04-04,,1
280,10000176,password,0,2027-04-10,0,2013-08-02,2027-04-04,,1
281,10000177,password,0,2027-04-10,0,2013-08-02,2027-04-04,,1
282,10000178,password,0,2027-04-10,0,2013-08-02,2027-04-04,,1
283,10000179,password,0,2027-04-10,0,2013-08-02,2027-04-04,,1
284,10000180,password,0,2027-04-10,0,2013-08-02,2027-04-04,,1
285,10000181,password,0,2027-04-10,0,2013-08-02,2027-04-04,,1
286,10000182,password,0,2027-04-10,0,2013-08-02,2027-04-04,,1
287,10000183,password,0,2027-04-10,0,2013-08-02,2027-04-04,,1
288,10000184,password,0,2027-04-10,0,2013-08-02,2027-04-04,,1
289,10000185,password,0,2027-04-10,0,2013-08-02,2027-04-04,,1
290,10000186,password,0,2027-04-10,0,2013-08-02,2027-04-04,,1
291,10000187,password,0,2027-04-10,0,2013-08-02,2027-04-04,,1
292,10000188,password,0,2027-04-10,0,2013-08-02,2027-04-04,,1
293,10000189,password,0,2027-04-10,0,2013-08-02,2027-04-04,,1
294,10000190,password,0,2027-04-10,0,2013-08-02,2027-04-04,,1
295,10000191,password,0,2027-04-10,0,2013-08-02,2027-04-04,,1
296,10000192,password,0,2027-04-10,0,2013-08-02,2027-04-04,,1
297,10000193,password,0,2027-04-10,0,2013-08-02,2027-04-04,,1
298,10000194,password,0,2027-04-10,0,2013-08-02,2027-04-04,,1
299,10000195,password,0,2027-04-10,0,2013-08-02,2027-04-04,,1
300,10000196,password,0,2027-04-10,0,2013-08-02,2027-04-04,,1
301,10000197,password,0,2027-04-10,0,2013-08-02,2027-04-04,,1
302,10000198,password,0,2027-04-10,0,2013-08-02,2027-04-04,,1
303,10000199,password,0,2027-04-10,0,2013-08-02,2027-04-04,,1
304,10000200,password,0,2027-04-10,0,2013-08-02,2027-04-04,,1
305,10000201,password,0,2027-04-10,0,2013-08-02,2027-04-04,,1
306,10000202,password,0,2027-04-10,0,2013-08-02,2027-04-04,,1
307,10000203,password,0,2027-04-10,0,2013-08-02,2027-04-04,,1
308,10000204,password,0,2027-04-10,0,2013-08-02,2027-04-04,,1
309,10000205,password,0,2027-04-10,0,2013-08-02,2027-04-04,,1
310,10000206,password,0,2027-04-10,0,2013-08-02,2027-04-04,,1
311,10000207,password,0,2027-04-10,0,2013-08-02,2027-04-04,,1
312,10000208,password,0,2027-04-10,0,2013-08-02,2027-04-04,,1
313,10000209,password,0,2027-04-10,0,2013-08-02,2027-04-04,,1
314,10000210,password,0,2027-04-10,0,2013-08-02,2027-04-04,,1
315,10000211,password,0,2027-04-10,0,2013-08-02,2027-04-04,,1
316,10000212,password,0,2027-04-10,0,2013-08-02,2027-04-04,,1
317,10000213,password,0,2027-04-10,0,2013-08-02,2027-04-04,,1
318,10000214,password,0,2027-04-10,0,2013-08-02,2027-04-04,,1
319,10000215,password,0,2027-04-10,0,2013-08-02,2027-04-04,,1
320,10000216,password,0,2027-04-10,0,2013-08-02,2027-04-04,,1
321,10000217,password,0,2027-04-10,0,2013-08-02,2027-04-04,,1
322,10000218,password,0,2027-04-10,0,2013-08-02,2027-04-04,,1
323,10000219,password,0,2027-04-10,0,2013-08-02,2027-04-04,,1
324,10000220,password,0,2027-04-10,0,2013-08-02,2027-04-04,,1
325,10000221,password,0,2027-04-10,0,2013-08-02,2027-04-04,,1
326,10000222,password,0,2027-04-10,0,2013-08-02,2027-04-04,,1
327,10000223,password,0,2027-04-10,0,2013-08-02,2027-04-04,,1
328,10000224,password,0,2027-04-10,0,2013-08-02,2027-04-04,,1
329,10000225,password,0,2027-04-10,0,2013-08-02,2027-04-04,,1
330,10000226,password,0,2027-04-10,0,2013-08-02,2027-04-04,,1
331,10000227,password,0,2027-04-10,0,2013-08-02,2027-04-04,,1
332,10000228,password,0,2027-04-10,0,2013-08-02,2027-04-04,,1
333,10000229,password,0,2027-04-10,0,2013-08-02,2027-04-04,,1
334,10000230,password,0,2027-04-10,0,2013-08-02,2027-04-04,,1
335,10000231,password,0,2027-04-10,0,2013-08-02,2027-04-04,,1
336,10000232,password,0,2027-04-10,0,2013-08-02,2027-04-04,,1
337,10000233,password,0,2027-04-10,0,2013-08-02,2027-04-04,,1
338,10000234,password,0,2027-04-10,0,2013-08-02,2027-04-04,,1
339,10000235,password,0,2027-04-10,0,2013-08-02,2027-04-04,,1
340,10000236,password,0,2027-04-10,0,2013-08-02,2027-04-04,,1
341,10000237,password,0,2027-04-10,0,2013-08-02,2027-04-04,,1
342,10000238,password,0,2027-04-10,0,2013-08-02,2027-04-04,,1
343,10000239,password,0,2027-04-10,0,2013-08-02,2027-04-04,,1
344,10000240,password,0,2027-04-10,0,2013-08-02,2027-04-04,,1
345,10000241,password,0,2027-04-10,0,2013-08-02,2027-04-04,,1
346,10000242,password,0,2027-04-10,0,2013-08-02,2027-04-04,,1
347,10000243,password,0,2027-04-10,0,2013-08-02,2027-04-04,,1
348,10000244,password,0,2027-04-10,0,2013-08-02,2027-04-04,,1
349,10000245,password,0,2027-04-10,0,2013-08-02,2027-04-04,,1
350,10000246,password,0,2027-04-10,0,2013-08-02,2027-04-04,,1
351,10000247,password,0,2027-04-10,0,2013-08-02,2027-04-04,,1
352,10000248,password,0,2027-04-10,0,2013-08-02,2027-04-04,,1
353,10000249,password,0,2027-04-10,0,2013-08-02,2027-04-04,,1
354,10000250,password,0,2027-04-10,0,2013-08-02,2027-04-04,,1
355,10000251,password,0,2027-04-10,0,2013-08-02,2027-04-04,,1
356,10000252,password,0,2027-04-10,0,2013-08-02,2027-04-04,,1
357,10000253,password,0,2027-04-10,0,2013-08-02,2027-04-04,,1
358,10000254,password,0,2027-04-10,0,2013-08-02,2027-04-04,,1
359,10000255,password,0,2027-04-10,0,2013-08-02,2027-04-04,,1
360,10000256,password,0,2027-04-10,0,2013-08-02,2027-04-04,,1
361,10000257,password,0,2027-04-10,0,2013-08-02,2027-04-04,,1
362,10000258,password,0,2027-04-10,0,2013-08-02,2027-04-04,,1
363,10000259,password,0,2027-04-10,0,2013-08-02,2027-04-04,,1
364,10000260,password,0,2027-04-10,0,2013-08-02,2027-04-04,,1
365,10000261,password,0,2027-04-10,0,2013-08-02,2027-04-04,,1
366,10000262,password,0,2027-04-10,0,2013-08-02,2027-04-04,,1
367,10000263,password,0,2027-04-10,0,2013-08-02,2027-04-04,,1
368,10000264,password,0,2027-04-10,0,2013-08-02,2027-04-04,,1
369,10000265,password,0,2027-04-10,0,2013-08-02,2027-04-04,,1
370,10000266,password,0,2027-04-10,0,2013-08-02,2027-04-04,,1
371,10000267,password,0,2027-04-10,0,2013-08-02,2027-04-04,,1
372,10000268,password,0,2027-04-10,0,2013-08-02,2027-04-04,,1
373,10000269,password,0,2027-04-10,0,2013-08-02,2027-04-04,,1
374,10000270,password,0,2027-04-10,0,2013-08-02,2027-04-04,,1
375,10000271,password,0,2027-04-10,0,2013-08-02,2027-04-04,,1
376,10000272,password,0,2027-04-10,0,2013-08-02,2027-04-04,,1
377,10000273,password,0,2027-04-10,0,2013-08-02,2027-04-04,,1
378,10000274,password,0,2027-04-10,0,2013-08-02,2027-04-04,,1
379,10000275,password,0,2027-04-10,0,2013-08-02,2027-04-04,,1
380,10000276,password,0,2027-04-10,0,2013-08-02,2027-04-04,,1
381,10000277,password,0,2027-04-10,0,2013-08-02,2027-04-04,,1
382,10000278,password,0,2027-04-10,0,2013-08-02,2027-04-04,,1
383,10000279,password,0,2027-04-10,0,2013-08-02,2027-04-04,,1
384,10000280,password,0,2027-04-10,0,2013-08-02,2027-04-04,,1
385,10000281,password,0,2027-04-10,0,2013-08-02,2027-04-04,,1
386,10000282,password,0,2027-04-10,0,2013-08-02,2027-04-04,,1
387,10000283,password,0,2027-04-10,0,2013-08-02,2027-04-04,,1
388,10000284,password,0,2027-04-10,0,2013-08-02,2027-04-04,,1
389,10000285,password,0,2027-04-10,0,2013-08-02,2027-04-04,,1
390,10000286,password,0,2027-04-10,0,2013-08-02,2027-04-04,,1
391,10000287,password,0,2027-04-10,0,2013-08-02,2027-04-04,,1
392,10000288,password,0,2027-04-10,0,2013-08-02,2027-04-04,,1
393,10000289,password,0,2027-04-10,0,2013-08-02,2027-04-04,,1
394,10000290,password,0,2027-04-10,0,2013-08-02,2027-04-04,,1
395,10000291,password,0,2027-04-10,0,2013-08-02,2027-04-04,,1
396,10000292,password,0,2027-04-10,0,2013-08-02,2027-04-04,,1
397,10000293,password,0,2027-04-10,0,2013-08-02,2027-04-04,,1
398,10000294,password,0,2027-04-10,0,2013-08-02,2027-04-04,,1
399,10000295,password,0,2027-04-10,0,2013-08-02,2027-04-04,,1
400,10000296,password,0,2027-04-10,0,2013-08-02,2027-04-04,,1
401,10000297,password,0,2027-04-10,0,2013-08-02,2027-04-04,,1
402,10000298,password,0,2027-04-10,0,2013-08-02,2027-04-04,,1
403,10000299,password,0,2027-04-10,0,2013-08-02,2027-04-04,,1
404,10000300,password,0,2027-04-10,0,2013-08-02,2027-04-04,,1
